Workbook

Sheet Summary
A1: Operation Uptime: summary (every figure links to the model)
A3: Hires by 31 Dec | B3: =Budget!B9 -> 100
A4: Recommended budget | B4: =Budget!B7 -> 120000
A5: …planned spend | B5: =Budget!B5 -> 99965.197
A6: …reserve | B6: =Budget!B8 -> 20034.803
A7: Cost per hire (planned / all-in) | B7: =TEXT(Budget!B10,"€#,##0")&" / "&TEXT(Budget!B11,"€#,##0") -> €1,000 / €1,200
A8: Assessment slots used | B8: =Funnel!B18 -> 0.97975206
A9: Last useful application (E/M/A) | B9: =Funnel!B13 -> 46350
A10: Hires with 30% less budget | B10: =Budget!D24 -> 86.905196
A11: Hires if the pass rate is 30% worse | B11: =Funnel!B26 -> 71.446647
A13: Tabs: Inputs (every assumption, labelled) → Sources (cheapest first) → Funnel (Part 1) → Budget (Part 2).

Sheet Inputs
A1: Inputs and assumptions log (blue on yellow = change me)
A2: Labels: Given = from the brief · Researched = read from the linked source · Own estimate = my judgement, reason given.
A4: ID | B4: Input | C4: Value | D4: Label | E4: Source / reasoning
A6: Brief
A7: OPE | B7: Openings: electricians | C7: 30 | D7: Given | E7: Brief
A8: OPM | B8: Openings: mechatronics | C8: 45 | D8: Given | E8: Brief
A9: OPA | B9: Openings: automation | C9: 15 | D9: Given | E9: Brief
A10: OPS | B10: Openings: supervisors | C10: 10 | D10: Given | E10: Brief
A11: CAP | B11: Qualified applicants assessed per week (max) | C11: 55 | D11: Given | E11: Brief
A12: PL | B12: Max share of mechatronics hires from Poland | C12: 0.4 | D12: Given | E12: Brief
A13: START | B13: Campaign start | C13: 46315 | D13: Given | E13: Brief
A15: Timeline
A16: FIRST | B16: First assessments | C16: 46317 | D16: Own estimate | E16: No queue at launch: first applicants and re-applicants assessed within 2 days. If this slips to 26 Oct: ~92 hires.
A17: SIGN | B17: Last contract signature | C17: 46374 | D17: Own estimate | E17: Last Friday before Christmas; job search drops ~45% over the holidays (Indeed Hiring Lab).
A18: D_RA | B18: Days application → assessment | C18: 6 | D18: Own estimate | E18: SmartRecruiters 2025 global median review time (Germany: 8). Ask the client to keep this pace.
A19: D_AI | B19: Days assessment → interview | C19: 8 | D19: Own estimate | E19: SmartRecruiters 2025: 14 days application → interview, minus the 6 above.
A20: D_IO | B20: Days interview → offer | C20: 3 | D20: Own estimate | E20: Ask to the client. 7 days instead: ~92 hires.
A21: D_OS | B21: Days offer → signature | C21: 7 | D21: Own estimate | E21: One-week offer validity.
A22: D_SUP | B22: Extra days for supervisors (second round) | C22: 7 | D22: Own estimate | E22: Second interview with the plant manager.
A24: Funnel by role (E / M / A / S)
A25: QE | B25: Application → qualified: E | C25: 0.25 | D25: Researched | E25: IAB 2026: production jobs 3 of 12 applications suitable (25%); specialists 23%. https://iab-forum.de/iab-stellenerhebung-2-2026-fast-drei-von-vier-bewerbungen-sind-aus-betrieblicher-sicht-ungeeignet/
A26: QM | B26: Application → qualified: M | C26: 0.25 | D26: Researched | E26: IAB 2026: production jobs 3 of 12 applications suitable (25%); specialists 23%. https://iab-forum.de/iab-stellenerhebung-2-2026-fast-drei-von-vier-bewerbungen-sind-aus-betrieblicher-sicht-ungeeignet/
A27: QA | B27: Application → qualified: A | C27: 0.25 | D27: Researched | E27: IAB 2026: production jobs 3 of 12 applications suitable (25%); specialists 23%. https://iab-forum.de/iab-stellenerhebung-2-2026-fast-drei-von-vier-bewerbungen-sind-aus-betrieblicher-sicht-ungeeignet/
A28: QS | B28: Application → qualified: S | C28: 0.23 | D28: Researched | E28: IAB 2026: production jobs 3 of 12 applications suitable (25%); specialists 23%. https://iab-forum.de/iab-stellenerhebung-2-2026-fast-drei-von-vier-bewerbungen-sind-aus-betrieblicher-sicht-ungeeignet/
A29: PE | B29: Qualified → passed assessment: E | C29: 0.5 | D29: Own estimate | E29: Gem 2025: ~35% of onsite candidates get offers; set higher because only pre-qualified people reach this step; lowest for PLC and leadership roles.
A30: PM | B30: Qualified → passed assessment: M | C30: 0.55 | D30: Own estimate | E30: Gem 2025: ~35% of onsite candidates get offers; set higher because only pre-qualified people reach this step; lowest for PLC and leadership roles.
A31: PA | B31: Qualified → passed assessment: A | C31: 0.45 | D31: Own estimate | E31: Gem 2025: ~35% of onsite candidates get offers; set higher because only pre-qualified people reach this step; lowest for PLC and leadership roles.
A32: PS | B32: Qualified → passed assessment: S | C32: 0.4 | D32: Own estimate | E32: Gem 2025: ~35% of onsite candidates get offers; set higher because only pre-qualified people reach this step; lowest for PLC and leadership roles.
A33: OE | B33: Passed → offer: E | C33: 0.9 | D33: Own estimate | E33: Most who pass get an offer; supervisors compete with internal candidates.
A34: OM | B34: Passed → offer: M | C34: 0.9 | D34: Own estimate | E34: Most who pass get an offer; supervisors compete with internal candidates.
A35: OA | B35: Passed → offer: A | C35: 0.9 | D35: Own estimate | E35: Most who pass get an offer; supervisors compete with internal candidates.
A36: OS | B36: Passed → offer: S | C36: 0.85 | D36: Own estimate | E36: Most who pass get an offer; supervisors compete with internal candidates.
... A40: AS | B40: Offer → signed: S | C40: 0.7 | D40: Own estimate | E40: Königsteiner 2022: ~77% accept; 70–75% for shift work and competing offers.
A42: Money
A43: RES | B43: Reserve (share of total budget) | C43: 0.15 | D43: Own estimate | E43: 10–20% is the usual contingency for risky projects (mastt.com); released only on results.
A44: TEST | B44: Week 1–2 test per paid source and role (first part of its spend) | C44: 750 | D44: Own estimate | E44: Enough for ~5–10 applications per source and role: a first read on cost and quality before scaling.
A45: STEP | B45: Round the budget up to | C45: 2500 | D45: Own estimate | E45: Client-friendly number; the rounding adds to the reserve.
A46: CUT | B46: Smaller-budget case | C46: 0.3 | D46: Given | E46: Brief: what does 30% less buy?
A47: BONUS | B47: Referral bonus per signed hire | C47: 1000 | D47: Researched | E47: Most firms pay €501–1,000 per referral (Radancy, 335 firms). https://www.personalwirtschaft.de/?p=166393

Sheet Sources
A1: Sources by role, bought cheapest cost per hire first until each role is filled
A2: Hire capacity = max applications × share qualified × qualified→signed × adjustment. Hires = what is still needed after all cheaper sources, up to capacity.
A4: Source | B4: Role | C4: Cost per application € | D4: Share qualified | E4: Max applications | F4: Adjustment | G4: Fixed cost € | H4: Label | I4: Source / reasoning | J4: Qualified → signed | K4: Hire capacity | L4: Cost per hire € | M4: Hires | N4: Qualified | O4: Applications | P4: Spend € | Q4: Cut in 30% case € | R4: Hires lost in 30% case
A5: Organic (careers site, BA, Google for Jobs) | B5: Electricians | C5: 0 | D5: 0.175 | E5: =ROUND(Inputs!$C$7*27*0.13,0) -> 105 | F5: 1 | G5: 0 | H5: Researched | I5: Free. ~27 applications per vacancy, 13% via the careers page (IAB, CareerPlug). | J5: =(Inputs!$C$29*Inputs!$C$33*Inputs!$C$37)*F5 -> 0.315 | K5: =E5*D5*J5 -> 5.788125 | L5: =IF(D5*J5>0,C5/(D5*J5)+IF(K5>0,G5/K5,0),0) -> 0 | M5: =MIN(K5,MAX(0,Inputs!$C$7-SUMPRODUCT(($B$5:$B$26=B5)*(($L$5:$L$26<L5)+(($L$5:$L$26=L5)*(ROW($L$5:$L$26)<ROW(L5))))*$K$5:$K$26))) -> 5.788125 | N5: =IF(J5>0,M5/J5,0) -> 18.375 | O5: =IF(D5>0,N5/D5,0) -> 105 | P5: =O5*C5+IF(M5>0,G5,0) -> 0 | Q5: =MIN(P5,MAX(0,Budget!$B$17-SUMPRODUCT(($L$5:$L$26>L5)*$P$5:$P$26))) -> 0 | R5: =IF(P5>0,M5*Q5/P5,0) -> 0
A6: Organic (careers site, BA, Google for Jobs) | B6: Mechatronics | C6: 0 | D6: 0.175 | E6: =ROUND(Inputs!$C$8*27*0.13,0) -> 158 | F6: 1 | G6: 0 | H6: Researched | I6: Free. ~27 applications per vacancy, 13% via the careers page (IAB, CareerPlug). | J6: =(Inputs!$C$30*Inputs!$C$34*Inputs!$C$38)*F6 -> 0.37125 | K6: =E6*D6*J6 -> 10.265063 | L6: =IF(D6*J6>0,C6/(D6*J6)+IF(K6>0,G6/K6,0),0) -> 0 | M6: =MIN(K6,MAX(0,Inputs!$C$8-SUMPRODUCT(($B$5:$B$26=B6)*(($L$5:$L$26<L6)+(($L$5:$L$26=L6)*(ROW($L$5:$L$26)<ROW(L6))))*$K$5:$K$26))) -> 10.265063 | N6: =IF(J6>0,M6/J6,0) -> 27.65 | O6: =IF(D6>0,N6/D6,0) -> 158 | P6: =O6*C6+IF(M6>0,G6,0) -> 0 | Q6: =MIN(P6,MAX(0,Budget!$B$17-SUMPRODUCT(($L$5:$L$26>L6)*$P$5:$P$26))) -> 0 | R6: =IF(P6>0,M6*Q6/P6,0) -> 0
A7: Organic (careers site, BA, Google for Jobs) | B7: Automation | C7: 0 | D7: 0.175 | E7: =ROUND(Inputs!$C$9*27*0.13,0) -> 53 | F7: 1 | G7: 0 | H7: Researched | I7: Free. ~27 applications per vacancy, 13% via the careers page (IAB, CareerPlug). | J7: =(Inputs!$C$31*Inputs!$C$35*Inputs!$C$39)*F7 -> 0.2835 | K7: =E7*D7*J7 -> 2.6294625 | L7: =IF(D7*J7>0,C7/(D7*J7)+IF(K7>0,G7/K7,0),0) -> 0 | M7: =MIN(K7,MAX(0,Inputs!$C$9-SUMPRODUCT(($B$5:$B$26=B7)*(($L$5:$L$26<L7)+(($L$5:$L$26=L7)*(ROW($L$5:$L$26)<ROW(L7))))*$K$5:$K$26))) -> 2.6294625 | N7: =IF(J7>0,M7/J7,0) -> 9.275 | O7: =IF(D7>0,N7/D7,0) -> 53 | P7: =O7*C7+IF(M7>0,G7,0) -> 0 | Q7: =MIN(P7,MAX(0,Budget!$B$17-SUMPRODUCT(($L$5:$L$26>L7)*$P$5:$P$26))) -> 0 | R7: =IF(P7>0,M7*Q7/P7,0) -> 0
A8: Organic (careers site, BA, Google for Jobs) | B8: Supervisors | C8: 0 | D8: 0.161 | E8: =ROUND(Inputs!$C$10*27*0.13,0) -> 35 | F8: 1 | G8: 0 | H8: Researched | I8: Free. ~27 applications per vacancy, 13% via the careers page (IAB, CareerPlug). | J8: =(Inputs!$C$32*Inputs!$C$36*Inputs!$C$40)*F8 -> 0.238 | K8: =E8*D8*J8 -> 1.34113 | L8: =IF(D8*J8>0,C8/(D8*J8)+IF(K8>0,G8/K8,0),0) -> 0 | M8: =MIN(K8,MAX(0,Inputs!$C$10-SUMPRODUCT(($B$5:$B$26=B8)*(($L$5:$L$26<L8)+(($L$5:$L$26=L8)*(ROW($L$5:$L$26)<ROW(L8))))*$K$5:$K$26))) -> 1.34113 | N8: =IF(J8>0,M8/J8,0) -> 5.635 | O8: =IF(D8>0,N8/D8,0) -> 35 | P8: =O8*C8+IF(M8>0,G8,0) -> 0 | Q8: =MIN(P8,MAX(0,Budget!$B$17-SUMPRODUCT(($L$5:$L$26>L8)*$P$5:$P$26))) -> 0 | R8: =IF(P8>0,M8*Q8/P8,0) -> 0
A9: Past applicants (ATS rediscovery) | B9: Electricians | C9: 2.5 | D9: 0.5 | E9: 8 | F9: 1.15 | G9: 0 | H9: Own estimate | I9: ~211 past runners-up, 12% re-apply; €0.30 per message. Real export replaces this on day 1. Empty export: budget ~€135k. | J9: =(Inputs!$C$29*Inputs!$C$33*Inputs!$C$37)*F9 -> 0.36225 | K9: =E9*D9*J9 -> 1.449 | L9: =IF(D9*J9>0,C9/(D9*J9)+IF(K9>0,G9/K9,0),0) -> 13.802622 | M9: =MIN(K9,MAX(0,Inputs!$C$7-SUMPRODUCT(($B$5:$B$26=B9)*(($L$5:$L$26<L9)+(($L$5:$L$26=L9)*(ROW($L$5:$L$26)<ROW(L9))))*$K$5:$K$26))) -> 1.449 | N9: =IF(J9>0,M9/J9,0) -> 4 | O9: =IF(D9>0,N9/D9,0) -> 8 | P9: =O9*C9+IF(M9>0,G9,0) -> 20 | Q9: =MIN(P9,MAX(0,Budget!$B$17-SUMPRODUCT(($L$5:$L$26>L9)*$P$5:$P$26))) -> 0 | R9: =IF(P9>0,M9*Q9/P9,0) -> 0
A10: Past applicants (ATS rediscovery) | B10: Mechatronics | C10: 2.5 | D10: 0.5 | E10: 9 | F10: 1.15 | G10: 0 | H10: Own estimate | I10: ~211 past runners-up, 12% re-apply; €0.30 per message. Real export replaces this on day 1. Empty export: budget ~€135k. | J10: =(Inputs!$C$30*Inputs!$C$34*Inputs!$C$38)*F10 -> 0.4269375 | K10: =E10*D10*J10 -> 1.9212187 | L10: =IF(D10*J10>0,C10/(D10*J10)+IF(K10>0,G10/K10,0),0) -> 11.711316 | M10: =MIN(K10,MAX(0,Inputs!$C$8-SUMPRODUCT(($B$5:$B$26=B10)*(($L$5:$L$26<L10)+(($L$5:$L$26=L10)*(ROW($L$5:$L$26)<ROW(L10))))*$K$5:$K$26))) -> 1.9212187 | N10: =IF(J10>0,M10/J10,0) -> 4.5 | O10: =IF(D10>0,N10/D10,0) -> 9 | P10: =O10*C10+IF(M10>0,G10,0) -> 22.5 | Q10: =MIN(P10,MAX(0,Budget!$B$17-SUMPRODUCT(($L$5:$L$26>L10)*$P$5:$P$26))) -> 0 | R10: =IF(P10>0,M10*Q10/P10,0) -> 0
A11: Past applicants (ATS rediscovery) | B11: Automation | C11: 2.5 | D11: 0.5 | E11: 5 | F11: 1.15 | G11: 0 | H11: Own estimate | I11: ~211 past runners-up, 12% re-apply; €0.30 per message. Real export replaces this on day 1. Empty export: budget ~€135k. | J11: =(Inputs!$C$31*Inputs!$C$35*Inputs!$C$39)*F11 -> 0.326025 | K11: =E11*D11*J11 -> 0.8150625 | L11: =IF(D11*J11>0,C11/(D11*J11)+IF(K11>0,G11/K11,0),0) -> 15.336247 | M11: =MIN(K11,MAX(0,Inputs!$C$9-SUMPRODUCT(($B$5:$B$26=B11)*(($L$5:$L$26<L11)+(($L$5:$L$26=L11)*(ROW($L$5:$L$26)<ROW(L11))))*$K$5:$K$26))) -> 0.8150625 | N11: =IF(J11>0,M11/J11,0) -> 2.5 | O11: =IF(D11>0,N11/D11,0) -> 5 | P11: =O11*C11+IF(M11>0,G11,0) -> 12.5 | Q11: =MIN(P11,MAX(0,Budget!$B$17-SUMPRODUCT(($L$5:$L$26>L11)*$P$5:$P$26))) -> 0 | R11: =IF(P11>0,M11*Q11/P11,0) -> 0
A12: Past applicants (ATS rediscovery) | B12: Supervisors | C12: 2.5 | D12: 0.5 | E12: 4 | F12: 1.15 | G12: 0 | H12: Own estimate | I12: ~211 past runners-up, 12% re-apply; €0.30 per message. Real export replaces this on day 1. Empty export: budget ~€135k. | J12: =(Inputs!$C$32*Inputs!$C$36*Inputs!$C$40)*F12 -> 0.2737 | K12: =E12*D12*J12 -> 0.5474 | L12: =IF(D12*J12>0,C12/(D12*J12)+IF(K12>0,G12/K12,0),0) -> 18.268177 | M12: =MIN(K12,MAX(0,Inputs!$C$10-SUMPRODUCT(($B$5:$B$26=B12)*(($L$5:$L$26<L12)+(($L$5:$L$26=L12)*(ROW($L$5:$L$26)<ROW(L12))))*$K$5:$K$26))) -> 0.5474 | N12: =IF(J12>0,M12/J12,0) -> 2 | O12: =IF(D12>0,N12/D12,0) -> 4 | P12: =O12*C12+IF(M12>0,G12,0) -> 10 | Q12: =MIN(P12,MAX(0,Budget!$B$17-SUMPRODUCT(($L$5:$L$26>L12)*$P$5:$P$26))) -> 0 | R12: =IF(P12>0,M12*Q12/P12,0) -> 0
A13: Employee referrals (€1,000 on hire) | B13: Electricians | C13: =Inputs!$C$47*D13*J13 -> 163.0125 | D13: 0.45 | E13: 20 | F13: 1.15 | G13: 0 | H13: Own estimate | I13: Sized so referrals bring ~11% of hires (CareerPlug 2025). Half as many: ~€130k. | J13: =(Inputs!$C$29*Inputs!$C$33*Inputs!$C$37)*F13 -> 0.36225 | K13: =E13*D13*J13 -> 3.26025 | L13: =IF(D13*J13>0,C13/(D13*J13)+IF(K13>0,G13/K13,0),0) -> 1000 | M13: =MIN(K13,MAX(0,Inputs!$C$7-SUMPRODUCT(($B$5:$B$26=B13)*(($L$5:$L$26<L13)+(($L$5:$L$26=L13)*(ROW($L$5:$L$26)<ROW(L13))))*$K$5:$K$26))) -> 3.26025 | N13: =IF(J13>0,M13/J13,0) -> 9 | O13: =IF(D13>0,N13/D13,0) -> 20 | P13: =O13*C13+IF(M13>0,G13,0) -> 3260.25 | Q13: =MIN(P13,MAX(0,Budget!$B$17-SUMPRODUCT(($L$5:$L$26>L13)*$P$5:$P$26))) -> 0 | R13: =IF(P13>0,M13*Q13/P13,0) -> 0
A14: Employee referrals (€1,000 on hire) | B14: Mechatronics | C14: =Inputs!$C$47*D14*J14 -> 192.12187 | D14: 0.45 | E14: 26 | F14: 1.15 | G14: 0 | H14: Own estimate | I14: Sized so referrals bring ~11% of hires (CareerPlug 2025). Half as many: ~€130k. | J14: =(Inputs!$C$30*Inputs!$C$34*Inputs!$C$38)*F14 -> 0.4269375 | K14: =E14*D14*J14 -> 4.9951688 | L14: =IF(D14*J14>0,C14/(D14*J14)+IF(K14>0,G14/K14,0),0) -> 1000 | M14: =MIN(K14,MAX(0,Inputs!$C$8-SUMPRODUCT(($B$5:$B$26=B14)*(($L$5:$L$26<L14)+(($L$5:$L$26=L14)*(ROW($L$5:$L$26)<ROW(L14))))*$K$5:$K$26))) -> 4.9951688 | N14: =IF(J14>0,M14/J14,0) -> 11.7 | O14: =IF(D14>0,N14/D14,0) -> 26 | P14: =O14*C14+IF(M14>0,G14,0) -> 4995.1687 | Q14: =MIN(P14,MAX(0,Budget!$B$17-SUMPRODUCT(($L$5:$L$26>L14)*$P$5:$P$26))) -> 0 | R14: =IF(P14>0,M14*Q14/P14,0) -> 0
A15: Employee referrals (€1,000 on hire) | B15: Automation | C15: =Inputs!$C$47*D15*J15 -> 146.71125 | D15: 0.45 | E15: 11 | F15: 1.15 | G15: 0 | H15: Own estimate | I15: Sized so referrals bring ~11% of hires (CareerPlug 2025). Half as many: ~€130k. | J15: =(Inputs!$C$31*Inputs!$C$35*Inputs!$C$39)*F15 -> 0.326025 | K15: =E15*D15*J15 -> 1.6138237 | L15: =IF(D15*J15>0,C15/(D15*J15)+IF(K15>0,G15/K15,0),0) -> 1000 | M15: =MIN(K15,MAX(0,Inputs!$C$9-SUMPRODUCT(($B$5:$B$26=B15)*(($L$5:$L$26<L15)+(($L$5:$L$26=L15)*(ROW($L$5:$L$26)<ROW(L15))))*$K$5:$K$26))) -> 1.6138237 | N15: =IF(J15>0,M15/J15,0) -> 4.95 | O15: =IF(D15>0,N15/D15,0) -> 11 | P15: =O15*C15+IF(M15>0,G15,0) -> 1613.8238 | Q15: =MIN(P15,MAX(0,Budget!$B$17-SUMPRODUCT(($L$5:$L$26>L15)*$P$5:$P$26))) -> 0 | R15: =IF(P15>0,M15*Q15/P15,0) -> 0
A16: Employee referrals (€1,000 on hire) | B16: Supervisors | C16: =Inputs!$C$47*D16*J16 -> 123.165 | D16: 0.45 | E16: 9 | F16: 1.15 | G16: 0 | H16: Own estimate | I16: Sized so referrals bring ~11% of hires (CareerPlug 2025). Half as many: ~€130k. | J16: =(Inputs!$C$32*Inputs!$C$36*Inputs!$C$40)*F16 -> 0.2737 | K16: =E16*D16*J16 -> 1.108485 | L16: =IF(D16*J16>0,C16/(D16*J16)+IF(K16>0,G16/K16,0),0) -> 1000 | M16: =MIN(K16,MAX(0,Inputs!$C$10-SUMPRODUCT(($B$5:$B$26=B16)*(($L$5:$L$26<L16)+(($L$5:$L$26=L16)*(ROW($L$5:$L$26)<ROW(L16))))*$K$5:$K$26))) -> 1.108485 | N16: =IF(J16>0,M16/J16,0) -> 4.05 | O16: =IF(D16>0,N16/D16,0) -> 9 | P16: =O16*C16+IF(M16>0,G16,0) -> 1108.485 | Q16: =MIN(P16,MAX(0,Budget!$B$17-SUMPRODUCT(($L$5:$L$26>L16)*$P$5:$P$26))) -> 0 | R16: =IF(P16>0,M16*Q16/P16,0) -> 0
A17: Polish border corridor (+ Polish pre-screener) | B17: Mechatronics | C17: 18.75 | D17: 0.14 | E17: 350 | F17: 1 | G17: 400 | H17: Own estimate | I17: €14 ad + €4.75 call per application; 14% pass the language check (Eurostat AES). Capped at 40% of mechatronics hires. If it fails: ~€155k. | J17: =(Inputs!$C$30*Inputs!$C$34*Inputs!$C$38)*F17 -> 0.37125 | K17: =MIN(E17*D17*J17,Inputs!$C$12*Inputs!$C$8) -> 18 | L17: =IF(D17*J17>0,C17/(D17*J17)+IF(K17>0,G17/K17,0),0) -> 382.97258 | M17: =MIN(K17,MAX(0,Inputs!$C$8-SUMPRODUCT(($B$5:$B$26=B17)*(($L$5:$L$26<L17)+(($L$5:$L$26=L17)*(ROW($L$5:$L$26)<ROW(L17))))*$K$5:$K$26))) -> 18 | N17: =IF(J17>0,M17/J17,0) -> 48.484848 | O17: =IF(D17>0,N17/D17,0) -> 346.32035 | P17: =O17*C17+IF(M17>0,G17,0) -> 6893.5065 | Q17: =MIN(P17,MAX(0,Budget!$B$17-SUMPRODUCT(($L$5:$L$26>L17)*$P$5:$P$26))) -> 0 | R17: =IF(P17>0,M17*Q17/P17,0) -> 0
A18: Construction electricians (Handwerk → Industrie) | B18: Electricians | C18: 84 | D18: 0.25 | E18: 118 | F18: 0.9 | G18: 1200 | H18: Own estimate | I18: ~10,000 within 75 km (BA); 1.2% respond to a social campaign (Redline). Needs the client's OK on the profile. Without it: ~€130k. | J18: =(Inputs!$C$29*Inputs!$C$33*Inputs!$C$37)*F18 -> 0.2835 | K18: =E18*D18*J18 -> 8.36325 | L18: =IF(D18*J18>0,C18/(D18*J18)+IF(K18>0,G18/K18,0),0) -> 1328.6701 | M18: =MIN(K18,MAX(0,Inputs!$C$7-SUMPRODUCT(($B$5:$B$26=B18)*(($L$5:$L$26<L18)+(($L$5:$L$26=L18)*(ROW($L$5:$L$26)<ROW(L18))))*$K$5:$K$26))) -> 8.36325 | N18: =IF(J18>0,M18/J18,0) -> 29.5 | O18: =IF(D18>0,N18/D18,0) -> 118 | P18: =O18*C18+IF(M18>0,G18,0) -> 11112 | Q18: =MIN(P18,MAX(0,Budget!$B$17-SUMPRODUCT(($L$5:$L$26>L18)*$P$5:$P$26))) -> 0 | R18: =IF(P18>0,M18*Q18/P18,0) -> 0
A19: StepStone (30-day ad, ~12 applications) | B19: Electricians | C19: 121 | D19: 0.225 | E19: 24 | F19: 1 | G19: 0 | H19: Researched | I19: From €1,449 per ad ÷ 12 applications (StepStone). | J19: =(Inputs!$C$29*Inputs!$C$33*Inputs!$C$37)*F19 -> 0.315 | K19: =E19*D19*J19 -> 1.701 | L19: =IF(D19*J19>0,C19/(D19*J19)+IF(K19>0,G19/K19,0),0) -> 1707.231 | M19: =MIN(K19,MAX(0,Inputs!$C$7-SUMPRODUCT(($B$5:$B$26=B19)*(($L$5:$L$26<L19)+(($L$5:$L$26=L19)*(ROW($L$5:$L$26)<ROW(L19))))*$K$5:$K$26))) -> 1.701 | N19: =IF(J19>0,M19/J19,0) -> 5.4 | O19: =IF(D19>0,N19/D19,0) -> 24 | P19: =O19*C19+IF(M19>0,G19,0) -> 2904 | Q19: =MIN(P19,MAX(0,Budget!$B$17-SUMPRODUCT(($L$5:$L$26>L19)*$P$5:$P$26))) -> 0 | R19: =IF(P19>0,M19*Q19/P19,0) -> 0
A20: StepStone (30-day ad, ~12 applications) | B20: Mechatronics | C20: 121 | D20: 0.225 | E20: 24 | F20: 1 | G20: 0 | H20: Researched | I20: From €1,449 per ad ÷ 12 applications (StepStone). | J20: =(Inputs!$C$30*Inputs!$C$34*Inputs!$C$38)*F20 -> 0.37125 | K20: =E20*D20*J20 -> 2.00475 | L20: =IF(D20*J20>0,C20/(D20*J20)+IF(K20>0,G20/K20,0),0) -> 1448.5597 | M20: =MIN(K20,MAX(0,Inputs!$C$8-SUMPRODUCT(($B$5:$B$26=B20)*(($L$5:$L$26<L20)+(($L$5:$L$26=L20)*(ROW($L$5:$L$26)<ROW(L20))))*$K$5:$K$26))) -> 2.00475 | N20: =IF(J20>0,M20/J20,0) -> 5.4 | O20: =IF(D20>0,N20/D20,0) -> 24 | P20: =O20*C20+IF(M20>0,G20,0) -> 2904 | Q20: =MIN(P20,MAX(0,Budget!$B$17-SUMPRODUCT(($L$5:$L$26>L20)*$P$5:$P$26))) -> 0 | R20: =IF(P20>0,M20*Q20/P20,0) -> 0
A21: LinkedIn (PLC and Meister profiles) | B21: Automation | C21: 96 | D21: 0.225 | E21: 160 | F21: 1 | G21: 0 | H21: Researched | I21: DACH median €96 per application (TalentBait). https://www.talentbait.de/recruiting-kanaele-uebersicht/ | J21: =(Inputs!$C$31*Inputs!$C$35*Inputs!$C$39)*F21 -> 0.2835 | K21: =E21*D21*J21 -> 10.206 | L21: =IF(D21*J21>0,C21/(D21*J21)+IF(K21>0,G21/K21,0),0) -> 1504.9971 | M21: =MIN(K21,MAX(0,Inputs!$C$9-SUMPRODUCT(($B$5:$B$26=B21)*(($L$5:$L$26<L21)+(($L$5:$L$26=L21)*(ROW($L$5:$L$26)<ROW(L21))))*$K$5:$K$26))) -> 9.9416512 | N21: =IF(J21>0,M21/J21,0) -> 35.067553 | O21: =IF(D21>0,N21/D21,0) -> 155.85579 | P21: =O21*C21+IF(M21>0,G21,0) -> 14962.156 | Q21: =MIN(P21,MAX(0,Budget!$B$17-SUMPRODUCT(($L$5:$L$26>L21)*$P$5:$P$26))) -> 0 | R21: =IF(P21>0,M21*Q21/P21,0) -> 0
A22: LinkedIn (PLC and Meister profiles) | B22: Supervisors | C22: 96 | D22: 0.207 | E22: 180 | F22: 1 | G22: 0 | H22: Researched | I22: DACH median €96 per application (TalentBait). https://www.talentbait.de/recruiting-kanaele-uebersicht/ | J22: =(Inputs!$C$32*Inputs!$C$36*Inputs!$C$40)*F22 -> 0.238 | K22: =E22*D22*J22 -> 8.86788 | L22: =IF(D22*J22>0,C22/(D22*J22)+IF(K22>0,G22/K22,0),0) -> 1948.6055 | M22: =MIN(K22,MAX(0,Inputs!$C$10-SUMPRODUCT(($B$5:$B$26=B22)*(($L$5:$L$26<L22)+(($L$5:$L$26=L22)*(ROW($L$5:$L$26)<ROW(L22))))*$K$5:$K$26))) -> 7.002985 | N22: =IF(J22>0,M22/J22,0) -> 29.424307 | O22: =IF(D22>0,N22/D22,0) -> 142.14641 | P22: =O22*C22+IF(M22>0,G22,0) -> 13646.055 | Q22: =MIN(P22,MAX(0,Budget!$B$17-SUMPRODUCT(($L$5:$L$26>L22)*$P$5:$P$26))) -> 7124.9381 | R22: =IF(P22>0,M22*Q22/P22,0) -> 3.6564292
A23: Programmatic (Indeed and other boards via Joveo) | B23: Electricians | C23: 161 | D23: 0.225 | E23: 910 | F23: 1 | G23: 0 | H23: Researched | I23: Indeed DACH median €161 per application (TalentBait); volume capped by Indeed's reach in the local pool. https://www.talentbait.de/recruiting-kanaele-uebersicht/ | J23: =(Inputs!$C$29*Inputs!$C$33*Inputs!$C$37)*F23 -> 0.315 | K23: =E23*D23*J23 -> 64.49625 | L23: =IF(D23*J23>0,C23/(D23*J23)+IF(K23>0,G23/K23,0),0) -> 2271.6049 | M23: =MIN(K23,MAX(0,Inputs!$C$7-SUMPRODUCT(($B$5:$B$26=B23)*(($L$5:$L$26<L23)+(($L$5:$L$26=L23)*(ROW($L$5:$L$26)<ROW(L23))))*$K$5:$K$26))) -> 9.438375 | N23: =IF(J23>0,M23/J23,0) -> 29.963095 | O23: =IF(D23>0,N23/D23,0) -> 133.16931 | P23: =O23*C23+IF(M23>0,G23,0) -> 21440.259 | Q23: =MIN(P23,MAX(0,Budget!$B$17-SUMPRODUCT(($L$5:$L$26>L23)*$P$5:$P$26))) -> 21440.259 | R23: =IF(P23>0,M23*Q23/P23,0) -> 9.438375
A24: Programmatic (Indeed and other boards via Joveo) | B24: Mechatronics | C24: 161 | D24: 0.225 | E24: 4690 | F24: 1 | G24: 0 | H24: Researched | I24: Indeed DACH median €161 per application (TalentBait); volume capped by Indeed's reach in the local pool. https://www.talentbait.de/recruiting-kanaele-uebersicht/ | J24: =(Inputs!$C$30*Inputs!$C$34*Inputs!$C$38)*F24 -> 0.37125 | K24: =E24*D24*J24 -> 391.76156 | L24: =IF(D24*J24>0,C24/(D24*J24)+IF(K24>0,G24/K24,0),0) -> 1927.4224 | M24: =MIN(K24,MAX(0,Inputs!$C$8-SUMPRODUCT(($B$5:$B$26=B24)*(($L$5:$L$26<L24)+(($L$5:$L$26=L24)*(ROW($L$5:$L$26)<ROW(L24))))*$K$5:$K$26))) -> 7.8138 | N24: =IF(J24>0,M24/J24,0) -> 21.047273 | O24: =IF(D24>0,N24/D24,0) -> 93.543434 | P24: =O24*C24+IF(M24>0,G24,0) -> 15060.493 | Q24: =MIN(P24,MAX(0,Budget!$B$17-SUMPRODUCT(($L$5:$L$26>L24)*$P$5:$P$26))) -> 0 | R24: =IF(P24>0,M24*Q24/P24,0) -> 0
A25: Programmatic (Indeed and other boards via Joveo) | B25: Automation | C25: 161 | D25: 0.225 | E25: 380 | F25: 1 | G25: 0 | H25: Researched | I25: Indeed DACH median €161 per application (TalentBait); volume capped by Indeed's reach in the local pool. https://www.talentbait.de/recruiting-kanaele-uebersicht/ | J25: =(Inputs!$C$31*Inputs!$C$35*Inputs!$C$39)*F25 -> 0.2835 | K25: =E25*D25*J25 -> 24.23925 | L25: =IF(D25*J25>0,C25/(D25*J25)+IF(K25>0,G25/K25,0),0) -> 2524.0055 | M25: =MIN(K25,MAX(0,Inputs!$C$9-SUMPRODUCT(($B$5:$B$26=B25)*(($L$5:$L$26<L25)+(($L$5:$L$26=L25)*(ROW($L$5:$L$26)<ROW(L25))))*$K$5:$K$26))) -> 0 | N25: =IF(J25>0,M25/J25,0) -> 0 | O25: =IF(D25>0,N25/D25,0) -> 0 | P25: =O25*C25+IF(M25>0,G25,0) -> 0 | Q25: =MIN(P25,MAX(0,Budget!$B$17-SUMPRODUCT(($L$5:$L$26>L25)*$P$5:$P$26))) -> 0 | R25: =IF(P25>0,M25*Q25/P25,0) -> 0
A26: Programmatic (Indeed and other boards via Joveo) | B26: Supervisors | C26: 161 | D26: 0.207 | E26: 430 | F26: 1 | G26: 0 | H26: Researched | I26: Indeed DACH median €161 per application (TalentBait); volume capped by Indeed's reach in the local pool. https://www.talentbait.de/recruiting-kanaele-uebersicht/ | J26: =(Inputs!$C$32*Inputs!$C$36*Inputs!$C$40)*F26 -> 0.238 | K26: =E26*D26*J26 -> 21.18438 | L26: =IF(D26*J26>0,C26/(D26*J26)+IF(K26>0,G26/K26,0),0) -> 3267.9739 | M26: =MIN(K26,MAX(0,Inputs!$C$10-SUMPRODUCT(($B$5:$B$26=B26)*(($L$5:$L$26<L26)+(($L$5:$L$26=L26)*(ROW($L$5:$L$26)<ROW(L26))))*$K$5:$K$26))) -> 0 | N26: =IF(J26>0,M26/J26,0) -> 0 | O26: =IF(D26>0,N26/D26,0) -> 0 | P26: =O26*C26+IF(M26>0,G26,0) -> 0 | Q26: =MIN(P26,MAX(0,Budget!$B$17-SUMPRODUCT(($L$5:$L$26>L26)*$P$5:$P$26))) -> 0 | R26: =IF(P26>0,M26*Q26/P26,0) -> 0
A27: Total | M27: =SUM(M5:M26) -> 100 | N27: =SUM(N5:N26) -> 307.92208 | O27: =SUM(O5:O26) -> 1480.0353 | P27: =SUM(P5:P26) -> 99965.197 | Q27: =SUM(Q5:Q26) -> 28565.197 | R27: =SUM(R5:R26) -> 13.094804

Sheet Funnel
A1: Part 1: funnel by role and the capacity check
A2: Qualified needed = openings ÷ (pass × offer × accept). Applications needed = qualified ÷ share qualified.
A4: Role | B4: Openings | C4: App → qualified | D4: Qualified → passed | E4: Passed → offer | F4: Offer → signed | G4: Qualified → signed | H4: Qualified needed | I4: Applications needed | J4: Hires bought | K4: Qualified in plan | L4: Spend € | M4: Cost per hire €
A5: Electricians | B5: =Inputs!$C$7 -> 30 | C5: =Inputs!$C$25 -> 0.25 | D5: =Inputs!$C$29 -> 0.5 | E5: =Inputs!$C$33 -> 0.9 | F5: =Inputs!$C$37 -> 0.7 | G5: =D5*E5*F5 -> 0.315 | H5: =B5/G5 -> 95.238095 | I5: =H5/C5 -> 380.95238 | J5: =SUMIFS(Sources!$M$5:$M$26,Sources!$B$5:$B$26,A5) -> 30 | K5: =SUMIFS(Sources!$N$5:$N$26,Sources!$B$5:$B$26,A5) -> 96.238095 | L5: =SUMIFS(Sources!$P$5:$P$26,Sources!$B$5:$B$26,A5) -> 38736.509 | M5: =IF(J5>0,L5/J5,0) -> 1291.217
A6: Mechatronics | B6: =Inputs!$C$8 -> 45 | C6: =Inputs!$C$26 -> 0.25 | D6: =Inputs!$C$30 -> 0.55 | E6: =Inputs!$C$34 -> 0.9 | F6: =Inputs!$C$38 -> 0.75 | G6: =D6*E6*F6 -> 0.37125 | H6: =B6/G6 -> 121.21212 | I6: =H6/C6 -> 484.84848 | J6: =SUMIFS(Sources!$M$5:$M$26,Sources!$B$5:$B$26,A6) -> 45 | K6: =SUMIFS(Sources!$N$5:$N$26,Sources!$B$5:$B$26,A6) -> 118.78212 | L6: =SUMIFS(Sources!$P$5:$P$26,Sources!$B$5:$B$26,A6) -> 29875.668 | M6: =IF(J6>0,L6/J6,0) -> 663.90374
A7: Automation | B7: =Inputs!$C$9 -> 15 | C7: =Inputs!$C$27 -> 0.25 | D7: =Inputs!$C$31 -> 0.45 | E7: =Inputs!$C$35 -> 0.9 | F7: =Inputs!$C$39 -> 0.7 | G7: =D7*E7*F7 -> 0.2835 | H7: =B7/G7 -> 52.910053 | I7: =H7/C7 -> 211.64021 | J7: =SUMIFS(Sources!$M$5:$M$26,Sources!$B$5:$B$26,A7) -> 15 | K7: =SUMIFS(Sources!$N$5:$N$26,Sources!$B$5:$B$26,A7) -> 51.792553 | L7: =SUMIFS(Sources!$P$5:$P$26,Sources!$B$5:$B$26,A7) -> 16588.48 | M7: =IF(J7>0,L7/J7,0) -> 1105.8986
A8: Supervisors | B8: =Inputs!$C$10 -> 10 | C8: =Inputs!$C$28 -> 0.23 | D8: =Inputs!$C$32 -> 0.4 | E8: =Inputs!$C$36 -> 0.85 | F8: =Inputs!$C$40 -> 0.7 | G8: =D8*E8*F8 -> 0.238 | H8: =B8/G8 -> 42.016807 | I8: =H8/C8 -> 182.68177 | J8: =SUMIFS(Sources!$M$5:$M$26,Sources!$B$5:$B$26,A8) -> 10 | K8: =SUMIFS(Sources!$N$5:$N$26,Sources!$B$5:$B$26,A8) -> 41.109307 | L8: =SUMIFS(Sources!$P$5:$P$26,Sources!$B$5:$B$26,A8) -> 14764.54 | M8: =IF(J8>0,L8/J8,0) -> 1476.454
A9: Total | B9: =SUM(B5:B8) -> 100 | H9: =SUM(H5:H8) -> 311.37708 | I9: =SUM(I5:I8) -> 1260.1228 | J9: =SUM(J5:J8) -> 100 | K9: =SUM(K5:K8) -> 307.92208 | L9: =SUM(L5:L8) -> 99965.197 | M9: =IF(J9>0,L9/J9,0) -> 999.65197
A11: Timeline and capacity
A12: Last assessment (E/M/A) | B12: =Inputs!$C$17-Inputs!$C$21-Inputs!$C$20-Inputs!$C$19 -> 46356
A13: Last useful application (E/M/A) | B13: =B12-Inputs!$C$18 -> 46350
A14: Last useful application (supervisors) | B14: =B13-Inputs!$C$22 -> 46343
A15: Assessment days | B15: =B12-Inputs!$C$16+1 -> 40
A16: Assessment slots (55 a week × days ÷ 7) | B16: =Inputs!$C$11*B15/7 -> 314.28571
A17: Qualified applicants in the plan | B17: =K9 -> 307.92208
A18: Slots used | B18: =B17/B16 -> 0.97975206
A19: Most hires the slots allow | B19: =B16*J9/K9 -> 102.06664
A21: Hardest role
A22: ="Electricians: scarcest trade in Brandenburg (KOFA 2026: 85.7% of vacancies without a suitable jobseeker vs 41.4% overall), no Polish or foreign-trained route, and the dearest cost per hire: €"&TEXT(M5,"#,##0")&"." -> Electricians: scarcest trade in Brandenburg (KOFA 2026: 85.7% of vacancies without a suitable jobseeker vs 41.4% overall), no Polish or foreign-trained route, and the dearest cost per hire: €1,291.
A24: Most sensitive assumption: pass rate 30% worse
A25: Qualified needed | B25: =K9/0.7 -> 439.88868
A26: Hires possible within the slots | B26: =MIN(J9,B16/B25*J9) -> 71.446647
A27: Money can't fix this: the slots are full. A lower share qualified or dearer clicks only cost more money.

Sheet Budget
A1: Part 2: budget, smaller budget, weeks
A3: Sources (Sources tab) | B3: =Sources!P27 -> 99965.197
A4: …of which week 1–2 tests | B4: =Inputs!$C$44*COUNTIFS(Sources!$C$5:$C$26,">5",Sources!$M$5:$M$26,">0",Sources!$A$5:$A$26,"<>Employee*") -> 6000
A5: Planned spend | B5: =B3 -> 99965.197
A6: Before rounding (planned ÷ (1 − reserve)) | B6: =B5/(1-Inputs!$C$43) -> 117606.11
A7: Recommended budget | B7: =CEILING(B6,Inputs!$C$45) -> 120000
A8: Reserve (incl. rounding) | B8: =B7-B5 -> 20034.803
A9: Hires | B9: =Funnel!J9 -> 100
A10: Cost per hire (planned spend) | B10: =B5/B9 -> 999.65197
A11: Cost per hire (all-in) | B11: =B7/B9 -> 1200
A14: 30% less budget: cut the dearest hires first
A15: Smaller budget | B15: =B7*(1-Inputs!$C$46) -> 84000
A16: Spend allowed (keeps the 15% reserve) | B16: =B15*(1-Inputs!$C$43) -> 71400
A17: Savings needed | B17: =MAX(0,B3-B16) -> 28565.197
A19: Role | B19: Hires now | C19: Hires lost | D19: Hires with 30% less
A20: Electricians | B20: =Funnel!J5 -> 30 | C20: =SUMIFS(Sources!$R$5:$R$26,Sources!$B$5:$B$26,A20) -> 9.438375 | D20: =B20-C20 -> 20.561625
A21: Mechatronics | B21: =Funnel!J6 -> 45 | C21: =SUMIFS(Sources!$R$5:$R$26,Sources!$B$5:$B$26,A21) -> 0 | D21: =B21-C21 -> 45
A22: Automation | B22: =Funnel!J7 -> 15 | C22: =SUMIFS(Sources!$R$5:$R$26,Sources!$B$5:$B$26,A22) -> 0 | D22: =B22-C22 -> 15
A23: Supervisors | B23: =Funnel!J8 -> 10 | C23: =SUMIFS(Sources!$R$5:$R$26,Sources!$B$5:$B$26,A23) -> 3.6564292 | D23: =B23-C23 -> 6.3435708
A24: Total | B24: =SUM(B20:B23) -> 100 | C24: =SUM(C20:C23) -> 13.094804 | D24: =SUM(D20:D23) -> 86.905196
A26: Weeks: spend and assessments
A27: Week | B27: Share (follows slots) | C27: Spend € | D27: Qualified arriving | E27: Assessment slots | F27: Fits?
A28: 1 | B28: =E28/$E$34 -> 0.275 | C28: =B28*$B$5 -> 27490.429 | D28: =B28*Funnel!$K$9 -> 84.678571 | E28: =Inputs!$C$11*11/7 -> 86.428571 | F28: =IF(D28<=E28+0.5,"✓","over – pace down") -> ✓
A29: 2 | B29: =E29/$E$34 -> 0.175 | C29: =B29*$B$5 -> 17493.91 | D29: =B29*Funnel!$K$9 -> 53.886363 | E29: =Inputs!$C$11 -> 55 | F29: =IF(D29<=E29+0.5,"✓","over – pace down") -> ✓
A30: 3 | B30: =E30/$E$34 -> 0.175 | C30: =B30*$B$5 -> 17493.91 | D30: =B30*Funnel!$K$9 -> 53.886363 | E30: =Inputs!$C$11 -> 55 | F30: =IF(D30<=E30+0.5,"✓","over – pace down") -> ✓
A31: 4 | B31: =E31/$E$34 -> 0.175 | C31: =B31*$B$5 -> 17493.91 | D31: =B31*Funnel!$K$9 -> 53.886363 | E31: =Inputs!$C$11 -> 55 | F31: =IF(D31<=E31+0.5,"✓","over – pace down") -> ✓
A32: 5 | B32: =E32/$E$34 -> 0.175 | C32: =B32*$B$5 -> 17493.91 | D32: =B32*Funnel!$K$9 -> 53.886363 | E32: =Inputs!$C$11 -> 55 | F32: =IF(D32<=E32+0.5,"✓","over – pace down") -> ✓
A33: 6 | B33: =E33/$E$34 -> 0.025 | C33: =B33*$B$5 -> 2499.1299 | D33: =B33*Funnel!$K$9 -> 7.6980519 | E33: =Inputs!$C$11*1/7 -> 7.8571429 | F33: =IF(D33<=E33+0.5,"✓","over – pace down") -> ✓
A34: Total | B34: =SUM(B28:B33) -> 1 | C34: =SUM(C28:C33) -> 99965.197 | D34: =SUM(D28:D33) -> 307.92208 | E34: =SUM(E28:E33) -> 314.28571
A35: Spend is paced to the assessment slots it feeds. Week 1 is biggest: its applicants fill 11 days of assessments (22 Oct – 1 Nov). Week 6 is small: only 24 Nov is still useful. Tests run in weeks 1–2; weak sources are cut from Mon 2 Nov.
